Item,Column1,LOT#,PLS%,Variety,Purity,Crop,Inert,Weeds,Noxious Weeds,Germ,Dormant,Total,Test Date,Orgin,Distributor,Wholesale,Retail,Item.,Item.2,QTY,Reorder QTY,REORDER,Discontinued,,,
-,,,,,,,,,,,,0.00%,,,,,,,,,,1.00,,,,
Alfalfa,,TO777,94.97%,SD Common,99.97%,0.00%,0.03%,0.00%,None Found,57.00%,38.00%,95.00%,1/16,SD,$2.75,$3.25,$4.00,Alfalfa Common,"Alfalfa, Grazer",2500.00,,0.00,,,,Species
Alfalfa (Vernal),,3031391,95.90%,Vernal,99.90%,0.10%,0.00%,0.00%,None Found,58.00%,38.00%,96.00%,3/14,CAN,$2.75,$3.25,$4.00,Alfalfa,,0.00,,1.00,yes,,,Alkali Sacaton (Sporobolus airoides)
Alsike Clover,,WGB14587,97.78%,VNS,99.78%,0.00%,0.22%,0.00%,None Found,95.00%,3.00%,98.00%,9/15,CAN,$2.50,$3.25,$4.00,Alsike Clover,,,,1.00,,,,
American Sloughgrass,,BECSYZ156A,74.98%,VNS,97.38%,1.31%,1.10%,0.21%,None Found,77.00%,0.00%,77.00%,4/16,MN,$18.00,$22.00,$26.00,American Sloughgrass,,,,1.00,,,,
Annual Ryegrass,,Y4315GR9,89.93%,Gulf,99.92%,0.00%,0.08%,0.00%,None Found,90.00%,0.00%,90.00%,8/15,OR,$0.85,$0.95,$1.50,Annual Ryegrass,,,,1.00,,,,
Arrowhead,,SAGLAL-15,88.55%,VNS,98.39%,0.00%,1.60%,0.01%,None Found,90.00%,0.00%,90.00%,11/15,WY,$150.00,$150.00,$150.00,Arrowhead,,,,1.00,,,,Blue bunch Wheatgrass (Pseudoroegneria spicata)
Awl Fruited Sedge,,CARSTI144B,97.71%,VNS,99.70%,0.01%,0.23%,0.06%,None Found,3.00%,95.00%,98.00%,8/15,MN,$200.00,$225.00,$250.00,Awl Fruited Sedge,,,,1.00,,,,
Barnyardgrass,,BG06,93.92%,VNS,98.86%,0.28%,0.30%,0.56%,None Found,95.00%,,95.00%,12/12,ID,,,,Barnyardgrass,,0.00,,1.00,yes,,,Canada Bluejoint Reedgrass (Calamagrostis canadensis)
Big Bluestem,,KB15,65.53%,Kaw,68.26%,1.17%,30.57%,0.00%,None Found,88.00%,8.00%,96.00%,2/16,NE,$13.00,$14.00,$16.00,Big Bluestem,Big Bluestem (Andropogon gerardii),0.00,,1.00,,,,
Big Bluestem (Kaw),,BB14-1,71.18%,Kaw,74.15%,0.04%,25.81%,0.00%,None Found,96.00%,0.00%,96.00%,10/14,MO,$7.00,$8.00,$10.00,Big Bluestem (Kaw),,0.00,,1.00,,,,
Birdsfoot Trefoil,,D3094,81.93%,Norcen,98.71%,1.19%,0.09%,0.01%,None Found,71.00%,12.00%,83.00%,4/16,MN,$4.50,$5.75,$7.00,Birdsfoot Trefoil,,,,1.00,,,,Crested Wheatgrass (Agropyron cristatum)
Blue Bunch Wheatgrass,,012-6297,84.83%,VNS,97.50%,0.00%,2.47%,0.03%,None Found,87.00%,0.00%,87.00%,12/15,WY,$9.00,$10.00,$11.00,Blue Bunch Wheatgrass,,,,1.00,,,,
Blue Fescue,,J116-9-KSBLF,86.27%,Blue Heron,98.03%,0.00%,1.92%,0.05%,None Found,88.00%,,88.00%,12/15,OR,$3.00,$4.00,$5.00,Blue Fescue ,,,,1.00,,,,
Blue Grama,,GBB-9067,55.15%,Native,57.15%,5.17%,37.52%,0.16%,None Found,96.50%,0.00%,96.50%,8/15,KS,$14.00,$16.00,$18.00,Blue Grama ,Blue Grama (Bouteloua gracilis),,,1.00,,,,
Blue Grama (Lovington),,31071A,81.20%,Lovington,85.47%,0.00%,14.23%,0.30%,None Found,95.00%,,95.00%,10/13,TX,$19.00,$22.50,$26.00,Blue Grama (Lovington),,0.00,,1.00,yes,,,Indiangrass (Sorghastrum nutans)
Bottlebrush Sedge,,CARCOM015A,96.23%,VNS,99.21%,0.01%,0.74%,0.04%,None Found,2.00%,95.00%,97.00%,9/15,MN,$120.00,$140.00,$160.00,Bottlebrush Sedge,,,,1.00,,,,
Bristly Sedge,,CARCOM015A,96.23%,VNS,99.21%,0.01%,0.74%,0.04%,None Found,2.00%,95.00%,97.00%,9/15,MN,$120.00,$140.00,$160.00,Bristly Sedge,,,,1.00,,,,
Buckwheat,,,0.00%,VNS,,,,,None Found,,,0.00%,,,$1.00,$1.50,$2.00,Buckwheat,,0.00,,1.00,,,,Inland Saltgrass (Distichlis spicata)
Buffalograss,,UBTK-7004,96.38%,Texoka,99.36%,0.00%,0.64%,0.00%,None Found,91.00%,6.00%,97.00%,8/15,KS,$10.00,$11.00,$13.00,Buffalograss (Texoka),Buffalograss (Bouteloua dactyloides),,,1.00,,,,Intermediate Wheatgrass (Thinopyrum intermedium)
Buffalograss (Cody),,G6-727,97.59%,Cody,99.58%,0.00%,0.42%,0.00%,None Found,98.00%,0.00%,98.00%,2/16,NE,$10.00,$13.00,$15.00,Buffalograss (Cody),,0.00,,1.00,,,,
Canada Bluejoint,,CALCAN264A,86.22%,VNS,97.98%,0.09%,1.93%,0.00%,None Found,35.00%,53.00%,88.00%,12/15,MN,$700.00,$800.00,$900.00,Canada Bluejoint,,,,1.00,,,,
Canada Wildrye,,L8306,90.12%,VNS,99.03%,0.00%,0.96%,0.01%,None Found,90.00%,1.00%,91.00%,9/15,MN,$12.00,$14.00,$16.00,Canada Wildrye ,Canada Wildrye (Elymus canadensis),,,1.00,,,,Needleandthread (Hesperostipa comata)
Chewing Fescue,,SSL15CF819A,85.80%,VNS,97.50%,0.00%,2.47%,0.03%,None Found,88.00%,0.00%,88.00%,2/16,OR,$1.50,$2.50,$3.00,Chewing Fescue,,,,1.00,,,,
Common Beggartick,,BIDCER01-10PA,71.90%,,81.71%,0.00%,18.29%,0.00%,None Found,88.00%,,88.00%,10/12,PA,,,,Common Beggartick,,0.00,,1.00,,,,
Common Bur Reed,,ML332,84.88%,,99.86%,0.00%,0.14%,0.00%,None Found,85.00%,,85.00%,8/12,WI,,,,Common Bur Reed,,0.00,,1.00,,,,Perennial Ryegrass (Lolium perenne)
Common Rush,,JUNEFF490A,92.70%,,99.68%,0.00%,0.32%,0.00%,None Found,93.00%,,93.00%,10/12,WI,,,,Common Rush,,0.00,,1.00,,,,Porcupine Grass (Hesperostipa spartea)
Common Spikerush,,ELEPAL-112,82.99%,VNS,99.99%,0.00%,0.01%,0.00%,None Found,83.00%,0.00%,83.00%,9/15,WY,$150.00,$175.00,$200.00,Common Spikerush,,,,1.00,,,,Prairie Sandreed (Calamovilfa longifolia)
Creeping Foxtail,,13036G,70.19%,Garrison,78.86%,0.00%,21.01%,0.13%,None Found,89.00%,0.00%,89.00%,12/14,MT,$8.00,$9.00,$10.00,Creeping Foxtail ,Creeping Foxtail (Alopecurus arundinaceus),0.00,,1.00,,,,Prairie Cordgrass (Spartina pectinata)
Creeping Red Fescue,,MF15070,94.13%,Boreal,99.08%,0.00%,0.92%,0.00%,None Found,95.00%,0.00%,95.00%,2/16,CAN,$1.60,$2.00,$2.50,Creeping Red Fescue,,,,1.00,,,,Prairie Dropseed (Sporobolus heterolepis)
Creeping Spikerush,,ELEPAL-112,82.99%,VNS,99.99%,0.00%,0.01%,0.00%,None Found,83.00%,0.00%,83.00%,9/15,WY,$150.00,$175.00,$200.00,Creeping Spikerush,,,,1.00,,,,
Crested Wheatgrass,,13779184168,92.50%,Cert. Hycrest,97.37%,0.00%,1.74%,0.89%,None Found,95.00%,0.00%,95.00%,8/14,CAN,$4.00,$5.00,$6.00,Crested Wheatgrass,,55.00,,0.00,,,,Pubescent Wheatgrass
Crimson Clover,,M9-14-DC-115,89.73%,Dixie,99.70%,0.00%,0.26%,0.04%,None Found,90.00%,0.00%,90.00%,9/15,OR,$2.50,$2.75,$3.00,Crimson Clover,,,,1.00,,,,Rough (Tall) Dropseed (Sporobolus clandestinus)
Crown Vetch,,94146W,71.25%,VNS,95.00%,0.20%,4.50%,0.30%,None Found,75.00%,,75.00%,12/12,WY,$15.00,$16.50,$18.00,Crown Vetch,,38.00,,0.00,,,,Russian Wildrye (Psathyrostachys juncea)
Dark Green Bulrush,,SCIATR01-15CV,88.11%,VNS,91.78%,2.42%,5.80%,0.00%,None Found,3.00%,93.00%,96.00%,12/15,PA,$275.00,$300.00,$325.00,Dark Green Bulrush,,,,1.00,,,,
Dudleys Rush,,JUNDUD155A,90.99%,VNS,97.84%,0.00%,2.16%,0.00%,None Found,93.00%,0.00%,93.00%,4/16,IA,$800.00,$900.00,"$1,000.00",Dudleys Rush,,,,1.00,,,,
Dwarf Essex Rape Seed,,RP14,89.97%,VNS,99.97%,0.00%,0.03%,0.00%,None Found,90.00%,0.00%,90.00%,2/16,WA,$0.85,$1.25,$1.50,Dwarf Essex Rape Seed,,,,1.00,,,,Sand Bluestem (Andropogon hallii)
Eastern Gamagrass,,EG14,83.56%,Pete,99.48%,0.00%,0.52%,0.00%,None Found,84.00%,0.00%,84.00%,9/15,MO,$14.00,$16.00,$18.00,Eastern Gamagrass,Eastern Gamagrass (Tripsacum dactyloides),,,1.00,,,,Sand Dropseed (Sporobolus cryptandrus)
Festulolium,,B22-L108-15-24,90.17%,Spring Green,99.64%,0.00%,0.34%,0.02%,None Found,90.50%,0.00%,90.50%,12/15,OR,$2.00,$2.50,$3.00,Festulolium,,3200.00,,0.00,,,,Sand Lovegrass (Eragrostis trichodes)
Forage Chicory,,L190-12-340,96.60%,WF100,99.59%,0.00%,0.41%,0.00%,None Found,97.00%,0.00%,97.00%,4/16,OR,$9.00,$10.00,$11.00,Forage Chicory,,380.00,,0.00,,,,
Forage Fescue,,L178-14-100,94.16%,Cajun II,99.12%,0.04%,0.84%,0.00%,None Found,95.00%,0.00%,95.00%,5/16,OR,$1.50,$2.00,$2.50,Forage Fescue,,,,1.00,,,,Slender Wheatgrass (Elymus trachycaulus)
Fowl Bluegrass,,R-1505-A,91.46%,VNS,94.29%,0.24%,5.35%,0.12%,None Found,93.00%,4.00%,97.00%,11/15,CAN,$14.00,$16.00,$18.00,Fowl Bluegrass,,,,1.00,,,,
Fowl Mannagrass,,15A1000M,93.65%,VNS,99.63%,0.00%,0.36%,0.01%,None Found,6.00%,88.00%,94.00%,8/15,IA,$500.00,$500.00,$500.00,Fowl Mannagrass,,,,1.00,,,,Smooth Bromegrass (Bromus inermis)
Fox Sedge,,CARVUL01-15-H,86.55%,VNS,99.48%,0.00%,0.43%,0.09%,None Found,18.00%,69.00%,87.00%,2/16,PA,$30.00,$40.00,$50.00,Fox Sedge ,,,,1.00,,,,Switchgrass (Panicum virgatum)
Frank's Sedge,,CARFRA01-14PA,73.43%,VNS,95.36%,0.26%,4.16%,0.22%,None Found,77.00%,0.00%,77.00%,5/16,PA,$70.00,$80.00,$90.00,Frank's Sedge,,,,1.00,,,,
Giant Bur Reed,,GBR-15,95.78%,VNS,99.77%,0.00%,0.23%,0.00%,None Found,1.00%,95.00%,96.00%,11/15,SD,$80.00,$90.00,$100.00,Giant Bur Reed,,,,1.00,,,,Tall Fescue (Schedonorus arundinaceus)
Green Needlegrass,,13300,49.71%,SD Native,97.48%,0.00%,2.02%,0.50%,None Found,3.00%,48.00%,51.00%,6/15,SD,$12.00,$14.00,$16.00,Green Needlegrass,Green Needlegrass (Nassella viridula),,,1.00,,,,Tall Wheatgrass (Thinopyrum ponticum)
Hairy Vetch,,A-20,81.94%,VNS,99.93%,0.00%,0.07%,0.00%,None Found,67.00%,15.00%,82.00%,9/15,NE,$2.00,$2.50,$3.00,Hairy Vetch,,,,1.00,,,,Thickspike Wheatgrass (Elymus lanceolatus)
Hard Fescue,,5ST-410-157-3A,91.93%,Nordic,98.85%,0.00%,1.15%,0.00%,None Found,93.00%,0.00%,93.00%,1/16,ID,$2.50,$3.00,$3.50,Hard Fescue,,,,1.00,,,,Timothy (Phelum pratense)
Hardstem Bulrush,,SCR-ACU-115,88.92%,VNS,99.91%,0.00%,0.09%,0.00%,None Found,89.00%,0.00%,89.00%,9/15,WY,$100.00,$120.00,$140.00,Hardstem Bulrush,,,,1.00,,,,Virginia Wildrye (Elymus virginicus)
Hop Sedge,,CARLUP01-14PA-2,86.62%,VNS,99.56%,0.00%,0.44%,0.00%,None Found,6.00%,81.00%,87.00%,4/16,PA,$110.00,$130.00,$150.00,Hop Sedge,,,,1.00,,,,
Indiangrass,,F4-2391,75.04%,NE 54,81.56%,4.41%,13.90%,0.13%,None Found,92.00%,0.00%,92.00%,12/15,NE,$12.00,$14.00,$16.00,Indiangrass ,,,,1.00,,,,Western Wheatgrass (Pascopyrum smithii )
Indiangrass (Cheyenne),,JDI2,86.52%,Cheyenne,89.20%,0.62%,10.18%,0.00%,None Found,20.00%,77.00%,97.00%,11/14,MO,$20.00,$22.50,$25.00,Indiangrass (Cheyenne),,0.00,,1.00,,,,Wheatgrass Hybrid (Newhy variety)
Inland Rush,,JUNINT143A,95.81%,VNS,99.80%,0.00%,0.19%,0.01%,None Found,96.00%,0.00%,96.00%,2/16,MN,$400.00,$450.00,$500.00,Inland Rush,,,,1.00,,,,
Inland Saltgrass,,DIS-SPI-115-2,94.21%,VNS,98.14%,0.28%,1.55%,0.03%,None Found,96.00%,0.00%,96.00%,10/15,WY,$50.00,$60.00,$70.00,Inland Saltgrass,,,,1.00,,,,
Intermediate Wheatgrass,,OAHINT1113,77.03%,Oahe,96.29%,0.00%,3.71%,0.00%,None Found,80.00%,0.00%,80.00%,12/15,MN,$4.00,$5.00,$6.00,Intermediate Wheatgrass,,2100.00,,0.00,,,,
Kentucky 31 Tall Fescue,,L14-14-101KF,95.40%,KY-31,99.37%,0.00%,0.63%,0.00%,None Found,96.00%,0.00%,96.00%,10/15,OR,$1.00,$1.25,$1.50,Kentucky 31 Tall Fescue,,,,1.00,,,,
Kentucky Bluegrass,,M49-13-453-C,84.46%,Brooklawn,99.37%,0.00%,0.53%,0.10%,None Found,85.00%,0.00%,85.00%,4/16,OR,$2.00,$2.25,$2.50,Kentucky Bluegrass ,,,,1.00,,,,
Ladino Clover,,150103,96.41%,Glacier,99.39%,0.00%,0.56%,0.05%,None Found,97.00%,0.00%,97.00%,1/16,CAN,$3.00,$4.00,$5.00,Ladino Clover,,170.00,,0.00,,,,
Little Bluestem,,BLM-1086,67.64%,Cimarron,69.73%,0.04%,30.22%,0.01%,None Found,97.00%,0.00%,97.00%,3/16,KS,$12.00,$14.00,$15.00,Little Bluestem Cimarron,,,,1.00,,,,
Little Bluestem (Aldous),,LB15-1,66.96%,Aldous,69.75%,0.01%,30.24%,0.00%,None Found,31.00%,65.00%,96.00%,12/15,MO,$12.00,$14.00,$15.00,Little Bluestem ,Little Bluestem (Schizachyrium scoparium),,,1.00,,,,
Little Bluestem (Blaze),,BLZ-9081,55.48%,Blaze,60.30%,2.59%,37.09%,0.02%,None Found,15.00%,77.00%,92.00%,9/15,KS,$14.00,$16.00,$18.00,Little Bluestem (Blaze),,,,1.00,,,,
Little Bluestem (Camper),,F4-2782,69.22%,Camper,70.63%,0.06%,29.31%,0.00%,None Found,98.00%,,98.00%,1/15,NE,$14.00,$16.00,$18.00,Little Bluestem (Camper),,0.00,,1.00,,,,
Little Bluestem (Native),,BXL-9077,49.46%,Native,52.06%,6.02%,41.89%,0.03%,None Found,12.00%,83.00%,95.00%,2/16,KS,$12.00,$14.00,$15.00,Little Bluestem (Native),,0.00,,1.00,,,,
Meadow Bromegrass,,5PS22873B,87.95%,Cache,91.61%,0.00%,8.16%,0.33%,None Found,81.00%,15.00%,96.00%,1/16,ID,$5.00,$6.00,$7.00,Meadow Bromegrass,Meadow Bromegrass (Bromus biebersteinii),0.00,,1.00,,,,
Medium Red Clover,,150112,97.92%,VNS,99.92%,0.04%,0.04%,0.00%,None Found,92.00%,6.00%,98.00%,2/16,CAN,$2.25,$3.00,$4.00,Medium Red Clover,,,,1.00,,,,
Nebraska Sedge,,CARNEB-113,90.48%,VNS,99.43%,0.51%,0.06%,0.00%,None Found,91.00%,0.00%,91.00%,8/15,WY,$100.00,$125.00,$150.00,Nebraska Sedge,,,,1.00,,,,
New Zealand Clover,,,0.00%,,,,,,None Found,,,0.00%,,,$3.00,$4.00,$5.00,New Zealand Clover,,,,1.00,Yes,,,
Oats,,J216,91.91%,Jerry,99.90%,0.00%,0.10%,0.00%,None Found,92.00%,0.00%,92.00%,2/16,SD,$0.34,$0.36,$0.38,Oats,Oats (Avena sativa),,,1.00,,,,
Orchardgrass,,L73-15-3-OGB,90.33%,Persist,96.10%,0.10%,3.72%,0.08%,None Found,94.00%,,94.00%,7/15,OR,$2.75,$3.25,$3.50,Orchardgrass (Persist),Orchardgrass (Dactylis glomerata),,,1.00,,,,
Orchardgrass (Pennlate),,B38150G24,92.28%,Pennlate,96.13%,0.97%,2.87%,0.03%,None Found,96.00%,0.00%,96.00%,10/15,OR,$2.50,$3.00,$3.25,Orchardgrass (Pennlate),,,,1.00,,,,
Pennsylvania Smartweed,,POLPEN01-10,94.95%,VNS,99.95%,0.00%,0.05%,0.00%,None Found,1.00%,94.00%,95.00%,6/15,OH,$17.00,$20.00,$24.00,Pennsylvania Smartweed,,,,1.00,,,,
Perennial Ryegrass,,D1025,96.81%,VNS,99.80%,0.01%,0.19%,0.00%,None Found,97.00%,0.00%,97.00%,11/15, MN,$1.50,$1.75,$2.00,Perennial Ryegrass,,,,1.00,,,,
Perennial Ryegrass (Linn),,L21-14-5E,90.46%,Linn,98.33%,1.37%,0.30%,0.00%,None Found,92.00%,0.00%,92.00%,1/16,OR,$1.50,$1.75,$2.00,Perennial Ryegrass (Linn),,,,1.00,,,,
Perennial Ryegrass (Turf Type),,M49-15-625-G,93.33%,Patriot 4,97.22%,1.99%,0.79%,0.00%,None Found,96.00%,0.00%,96.00%,11/15,OR,$1.75,$2.40,$3.00,Perennial Ryegrass (Turf Type),,,,1.00,,,,
Prairie Cordgrass,,PC15,76.26%,VNS,80.27%,0.00%,19.73%,0.00%,None Found,31.00%,64.00%,95.00%,11/15,SD,$70.00,$75.00,$80.00,Prairie Cordgrass,,,,1.00,,,,
Prairie Dropseed,,D-3036,95.96%,Native,99.96%,0.00%,0.04%,0.00%,None Found,40.00%,56.00%,96.00%,12/15,MN,$95.00,$105.00,$115.00,Prairie Dropseed,,,,1.00,,,,
Prairie Junegrass,,014-7144,72.34%,VNS,85.10%,3.10%,11.80%,0.00%,None Found,85.00%,0.00%,85.00%,12/15,CAN,$32.00,$35.00,$40.00,Prairie Junegrass ,Prairie Junegrass (Koeleria macrantha),35.00,,0.00,,,,
Prairie Sandreed,,13-2-21,69.23%,Goshen,84.43%,0.04%,14.99%,0.54%,None Found,82.00%,0.00%,82.00%,12/15,MT,$25.00,$28.50,$32.00,Prairie Sandreed,,31.00,,0.00,,,,
Pubescent Wheatgrass,,892210,87.94%,Manska,97.71%,0.00%,2.08%,0.21%,None Found,90.00%,,90.00%,8/13,SD,$5.00,$5.75,$6.50,Pubescent Wheatgrass,,0.00,,1.00,,,,
Purple Top Turnips,,,0.00%,,,,,,None Found,,,0.00%,,,$2.25,$2.50,$2.75,Purple Top Turnips,,,,1.00,,,,
Red Clover,,150112,97.92%,VNS,99.92%,0.04%,0.04%,0.00%,None Found,92.00%,6.00%,98.00%,2/16,CAN,$2.25,$3.00,$4.00,Red Clover,,,,1.00,,,,
Mammoth Red Clover,,130210,89.13%,VNS,99.03%,0.39%,0.27%,0.31%,None Found,90.00%,0.00%,90.00%,12/14,CAN,$1.60,$2.30,$3.00,Red Clover Mammoth,,0.00,,1.00,,,,
Red Top,,J6-1-RT3,64.53%,VNS,99.28%,0.00%,0.60%,0.12%,None Found,65.00%,0.00%,65.00%,8/15,WA,$7.00,$8.00,$9.00,Red Top,,300.00,,0.00,,,,
Reed Canarygrass,,D3010,82.71%,Palaton,99.65%,0.04%,0.31%,0.00%,None Found,83.00%,0.00%,83.00%,1/16,MN,$10.00,$12.00,$14.00,Reed Canarygrass,,25.00,,0.00,,,,
Reed Manna Grass,,GLYGRA154A,82.10%,SD Native,96.59%,0.00%,3.41%,0.00%,None Found,76.00%,9.00%,85.00%,8/14,SD,,,,Reed Manna Grass,,0.00,,1.00,,,,
Rice Cutgrass,,LEEORY01-12,52.03%,VNS,98.17%,0.02%,1.28%,0.53%,None Found,2.00%,51.00%,53.00%,7/15,PA,$250.00,$250.00,$250.00,Rice Cutgrass,,,,1.00,,,,
Riverbank Wildrye,,ELYRIP01-14,93.32%,VNS,99.28%,0.06%,0.66%,0.00%,None Found,85.00%,9.00%,94.00%,3/16,PA,$10.00,$12.00,$14.00,Riverbank Wildrye,,,,1.00,,,,
River Bull Rush,,RBR-15,97.82%,VNS,99.82%,0.00%,0.18%,0.00%,None Found,1.00%,97.00%,98.00%,11/15,SD,$80.00,$90.00,$100.00,River Bull Rush,,,,1.00,,,,
River Oats,,CHALAT01-10PA/VA,86.78%,VNS,90.40%,7.72%,1.88%,0.00%,None Found,7.00%,89.00%,96.00%,6/15,PA,$35.00,$40.00,$45.00,River Oats,,,,1.00,,,,
Rough Dropseed,,12A290Z1DR,86.57%,VNS,99.51%,0.01%,0.47%,0.01%,None Found,87.00%,0.00%,87.00%,10/14,IA,$25.00,$26.00,$27.00,Rough Dropseed,,10.00,,0.00,,,,
Russian Wildrye,,BG3314-12,93.17%,Cert. Boziosky,98.07%,0.00%,1.93%,0.00%,None Found,84.00%,11.00%,95.00%,6/14,WY,,,,Russian Wildrye,,2.00,,0.00,,,,
Rye Grain,,R912B,89.82%,VNS,99.80%,0.02%,0.18%,0.00%,None Found,90.00%,0.00%,90.00%,8/15,NE,$0.34,$0.36,$0.38,Rye ,,,,1.00,,,,
Sand Bluestem,,F4-5751,72.32%,Champ,80.36%,0.11%,19.52%,0.01%,None Found,90.00%,0.00%,90.00%,12/15,NE,$23.00,$25.00,$28.00,Sand Bluestem,,400.00,,0.00,,,,
Sand Dropseed,,DWS-7610,84.98%,VNS,96.57%,0.16%,3.19%,0.08%,None Found,68.00%,20.00%,88.00%,9/15,KS,$7.00,$9.00,$10.00,Sand Dropseed,,,,1.00,,,,
Sand Lovegrass,,LLS-7025,91.22%,Native,99.15%,0.14%,0.36%,0.35%,None Found,12.00%,80.00%,92.00%,9/15,KS,$14.00,$15.00,$16.00,Sand Lovegrass,,0.00,,1.00,,,,
Sheep Fescue,,41545,90.36%,Nakiska,97.16%,0.00%,2.79%,0.05%,None Found,93.00%,0.00%,93.00%,9/15,CAN,$2.50,$3.75,$5.00,Sheep Fescue,,,,1.00,,,,
Short Beaked Sedge,,CARBRE821A,60.69%,VNS,89.25%,0.00%,10.75%,0.00%,None Found,68.00%,0.00%,68.00%,7/15,IA,$200.00,$225.00,$250.00,Short-Beaked Sedge,,,,1.00,,,,
Sideoats Grama,,GSS-1062,90.36%,Native,96.13%,0.00%,3.87%,0.00%,None Found,90.00%,4.00%,94.00%,12/15,KS,$11.00,$13.00,$15.00,Sideoat Grama ,Sideoats Grama (Bouteloua curtipendula),,,1.00,,,,
Sideoats Grama (El Reno),,GSE-8029,89.22%,El Reno,93.92%,0.02%,5.94%,0.12%,None Found,95.00%,0.00%,95.00%,7/14,KS,$12.00,$15.00,$18.00,Sideoat Grama (El Reno),,0.00,,1.00,,,,
Slender Wheatgrass,,S13-303-11-K,89.55%,Firststrike,93.28%,0.14%,6.39%,0.19%,None Found,96.00%,0.00%,96.00%,11/15,MN,$4.00,$6.00,$8.00,Slender Wheatgrass ,,,,1.00,,,,
Smooth Bromegrass,,JC924-C,82.91%,VNS,94.22%,0.07%,5.71%,0.00%,None Found,88.00%,0.00%,88.00%,8/16,NE,$3.75,$4.00,$4.50,Smooth Bromegrass,,,,1.00,,,,
Smooth Cone Sedge,,SCPOLN-10DW,75.21%,,96.42%,0.00%,3.58%,0.00%,None Found,78.00%,,78.00%,8/13,IL,,,,Smooth-Cone Sedge,,0.00,,1.00,,,,
Soft Stem Bulrush,,SCHTAB-114,92.95%,VNS,99.95%,0.00%,0.05%,0.00%,None Found,93.00%,0.00%,93.00%,9/15,WY,$100.00,$120.00,$140.00,Soft Stem Bulrush,,,,1.00,,,,
Spike Rush,,ELEPAL-112,82.99%,VNS,99.99%,0.00%,0.01%,0.00%,None Found,83.00%,0.00%,83.00%,9/15,WY,$150.00,$175.00,$200.00,Spike Rush,,,,1.00,,,,
Sterile Wheatgrass,,22702,88.65%,Quickguard,97.42%,0.00%,2.58%,0.00%,None Found,91.00%,,91.00%,11/14,WA,$3.00,$4.00,$5.00,Sterile Wheatgrass,,0.00,,1.00,,,,
Switchgrass,,SWB-9051,93.91%,Blackwell,99.90%,0.02%,0.07%,0.01%,None Found,90.00%,4.00%,94.00%,8/15,KS,$7.00,$9.00,$12.00,Switchgrass ,,,,1.00,,,,
Switchgrass (Cave In Rock),,SWR-1041,97.91%,Cave-In-Rock,99.91%,0.00%,0.07%,0.02%,None Found,42.00%,56.00%,98.00%,10/15,KS,$6.00,$9.00,$12.00,Switchgrass (Cave-In-Rock),,,,1.00,,,,
Tall Dropseed,,12.A.290Z1DR,86.57%,VNS,99.51%,0.01%,0.47%,0.01%,None Found,87.00%,0.00%,87.00%,10/14,IA,,,,Tall Dropseed,,10.00,,0.00,,,,
Tall Fescue (Fawn),,L33-15-4FF,89.17%,Fawn,99.08%,0.01%,0.91%,0.00%,None Found,90.00%,0.00%,90.00%,4/16,OR,$1.00,$1.25,$1.50,Tall Fescue (Fawn),,,,1.00,,,,
Tall Fescue (Hudson),,LA13-14-H6,95.66%,Hudson,99.65%,0.01%,0.33%,0.01%,None Found,96.00%,0.00%,96.00%,10/15,OR,$1.25,$1.40,$3.00,Tall Fescue (Hudson),,,,1.00,,,,
Tall Mannagrass,,CO9-10,80.67%,,99.59%,0.10%,0.31%,0.00%,None Found,81.00%,,81.00%,9/13,IL,,,,Tall Mannagrass,,0.00,,1.00,,,,
Tall Wheatgrass,,0-BW-0,76.39%,VNS,95.49%,0.04%,4.43%,0.04%,None Found,80.00%,,80.00%,4/13,NE,$5.00,$6.00,$8.00,Tall Wheatgrass,,800.00,,0.00,,,,
Thickspike Wheatgrass,,37.262204,86.79%,Critana,96.43%,0.08%,3.46%,0.03%,None Found,90.00%,0.00%,90.00%,12/15,WY,$8.00,$9.00,$10.00,Thickspike Wheatgrass,,1200.00,,0.00,,,,
Timothy,,140036,96.77%,Climax,99.76%,0.08%,0.16%,0.00%,None Found,97.00%,0.00%,97.00%,8/15,CAN,$1.75,$2.25,$3.00,Timothy ,,,,1.00,,,,
Torrey's Rush,,JUNTOR154B,90.94%,VNS,93.75%,0.48%,5.77%,0.00%,None Found,97.00%,0.00%,97.00%,8/15,SD,$800.00,$900.00,"$1,000.00",Torrey's Rush,,,,1.00,,,,
Tussock Sedge,,CARSTR01-15PA,82.83%,VNS,99.79%,0.07%,0.07%,0.07%,None Found,5.00%,78.00%,83.00%,3/16,PA,$500.00,$600.00,$700.00,Tussock Sedge,,,,1.00,,,,
Virginia Wildrye,,.13.A.5282T,88.04%,Native,97.82%,0.01%,2.16%,0.01%,None Found,90.00%,0.00%,90.00%,12/15,IA,$8.00,$9.00,$10.00,Virginia Wildrye,,,,1.00,,,,
Water Horehound,,LYCAME146A,88.99%,VNS,98.88%,0.00%,1.12%,0.00%,None Found,14.00%,76.00%,90.00%,10/15,WI,$400.00,$450.00,$500.00,Water Horehound,,,,1.00,,,,
Water Plantain,,ALYPLA-113,81.97%,,96.44%,2.74%,0.81%,0.01%,None Found,85.00%,0.00%,85.00%,10/15,WY,$80.00,$90.00,$120.00,Water Plantain,,,,1.00,,,,
Western Wheatgrass,,WWB-1022,90.07%,Barton,93.82%,0.00%,6.18%,0.00%,None Found,82.00%,14.00%,96.00%,8/15,KS,$7.00,$9.00,$11.00,Western Wheatgrass ,,0.00,,1.00,,,,
Western Wheatgrass (Arriba),,NBS-TC4-ARR-2,88.65%,Arriba,94.31%,0.00%,5.69%,0.00%,None Found,94.00%,0.00%,94.00%,8/15,ND,$7.00,$9.00,$11.00,Western Wheatgrass (Arriba),,,,1.00,,,,
Western Wheatgrass (Rosana),,LMND-14-SRT,90.83%,Cert. Rosana,95.61%,0.00%,4.39%,0.00%,None Found,86.00%,9.00%,95.00%,12/15,ND,$7.00,$9.00,$11.00,Western Wheatgrass (Rosana),,,,1.00,,,,
Wheat,,TB1,92.99%,VNS,99.99%,0.00%,0.01%,0.00%,None Found,93.00%,0.00%,93.00%,10/15,NE,$0.34,$0.36,$0.38,Wheat,,,,1.00,,,,
White Blossom Sweet Clover,,130197,83.56%,VNS,99.48%,0.00%,0.50%,0.02%,None Found,79.00%,5.00%,84.00%,1/16,CAN,$3.00,$3.50,$4.00,White Blossom Sweet Clover,,,,1.00,,,,
White Dutch Clover,,B3-13-9383,89.65%,Dutch,99.61%,0.00%,0.39%,0.00%,None Found,90.00%,0.00%,90.00%,9/15,OR,$3.00,$4.00,$5.00,White Dutch Clover,,,,1.00,,,,
Yellow Blossom Sweetclover,,311543,87.91%,VNS,99.90%,0.04%,0.04%,0.02%,None Found,88.00%,0.00%,88.00%,12/15,CAN,$2.00,$2.75,$3.50,Yellow Blossom Sweetclover,,,,1.00,,,,
,,,,,,,,,,,,,,,,,,,,,,1.00,,,,
Alumroot,,13A3063M,72.52%,VNS,96.69%,0.01%,3.29%,0.01%,None Found,75.00%,0.00%,75.00%,9/15,IA,"$1,000.00","$1,000.00","$1,000.00",Alumroot,,0.40,,0.00,,,,"Alfalfa, Grazer"
American Vetch,,VICAME011A,69.30%,VNS,99.00%,0.00%,1.00%,0.00%,None Found,70.00%,0.00%,70.00%,8/15,MN,$150.00,$150.00,$150.00,American Vetch,,0.00,,1.00,,,,"Alfalfa, VNS"
Annual Gallardia,,322012GC-RC,81.00%,VNS,96.43%,0.00%,3.57%,0.00%,None Found,84.00%,,84.00%,12/13,IA,,,,Annual Gallardia,,0.00,,1.00,,,,Alleghney Monkey Flower (Mimulus ringens)
Annual Sunflower,,HEAN-K-UTID,70.93%,VNS,98.51%,0.10%,1.38%,0.01%,None Found,2.00%,70.00%,72.00%,10/13,ID,,,,Annual Sunflower,,0.00,,1.00,,,,Alsike Clover (Trifolium hybridum)
Arkansas Wild Rose,,WR-09,65.43%,VNS,96.22%,0.06%,3.58%,0.14%,None Found,68.00%,0.00%,68.00%,12/15,NE,$100.00,$100.00,$100.00,Arkansas Wild Rose,,5.00,,0.00,,,,Alumroot (Heuchera richardsonii)
Aromatic Aster,,ASTOBL01-13PA,80.91%,VNS,96.32%,0.10%,3.38%,0.20%,None Found,84.00%,0.00%,84.00%,12/15,PA,$350.00,$350.00,$350.00,Aromatic Aster,,,,1.00,,,,American Germander (Teucrium canadense)
Ashy Sunflower,,11A09S1107,59.22%,VNS,98.70%,0.00%,1.30%,0.00%,None Found,60.00%,0.00%,60.00%,1/16,IA,$200.00,$225.00,$250.00,Ashy Sunflower,,0.00,,1.00,,,,American Vetch (Vicia americana)
Beggars Tick,,BIDFRO01-11PA,85.98%,VNS,92.45%,0.23%,7.32%,0.00%,None Found,3.00%,90.00%,93.00%,8/13,PA,,,,Beggars-tick,,0.00,,1.00,,,,Annual or Common Sunflower (Helianthus mollis)
Black Sampson,,13BS,72.54%,VNS,82.43%,0.06%,17.48%,0.03%,None Found,88.00%,0.00%,88.00%,10/15,SD,$125.00,$125.00,$125.00,Black Sampson,,,,1.00,,,,Arkansas Rose (Rosa arkansana)
Blackeyed Susan,,14.A.480M,98.84%,VNS,99.84%,0.00%,0.15%,0.01%,None Found,97.00%,2.00%,99.00%,9/15,IA,$23.00,$25.00,$27.00,Blackeyed Susan,,,,1.00,,,,Aromatic Aster (Symphyotrichum oblongifolium = Aster oblongifolium)
Blackeyed Susan (MN),,BES1512,95.87%,VNS,99.86%,0.00%,0.14%,0.00%,None Found,96.00%,,96.00%,11/14,MN,$20.00,$25.00,$25.00,Blackeyed Susan,,0.00,,1.00,,,,Ashy Sunflower (Helianthus mollis)
Blanketflower,,GC09084,80.05%,VNS,96.44%,0.00%,3.56%,0.00%,None Found,74.00%,9.00%,83.00%,2/16,CO,$25.00,$28.00,$30.00,Blanketflower,,,,1.00,,,,Azure or Sky Blue Aster (Symphyotrichum oolentangiense = Aster azureus)
Blazing Star,,TG-14,91.15%,VNS,99.08%,0.00%,0.92%,0.00%,None Found,92.00%,0.00%,92.00%,10/15,NE,$150.00,$150.00,$150.00,Blazing Star,,,,1.00,,,,Beggar-ticks (Bidens frondosa)
Blue Flax,,J16-10-KSLBF,93.77%,Appar,99.76%,0.00%,0.24%,0.00%,None Found,86.00%,8.00%,94.00%,9/15,OR,$12.00,$14.00,$16.00,Blue Flax,,,,1.00,,,,Birdsfoot Trefoil (Lotus corniculatus)
Blue Vervain,,14A8063A,95.79%,VNS,99.78%,0.00%,0.22%,0.00%,None Found,6.00%,90.00%,96.00%,9/15,IA,$90.00,$100.00,$110.00,Blue Vervain,,,,1.00,,,,Black-eyed Susan (Rudbeckia hirta)
Boneset,,14A9000A,86.56%,VNS,93.08%,0.00%,6.92%,0.00%,None Found,51.00%,42.00%,93.00%,8/15,IA,$200.00,$200.00,$200.00,Boneset,,,,1.00,,,,Blacksamson or Purple Coneflower (Echinacea angustifolia)
Browneyed Susan,,08A3284,56.82%,VNS,99.69%,0.01%,0.29%,0.01%,None Found,57.00%,,57.00%,9/13,IA,,,,Browneyed Susan,,0.00,,1.00,,,,Blanketflower (Gaillardia aristata)
Butterfly Milkweed,,CB011516,93.56%,VNS,99.53%,0.00%,0.47%,0.00%,None Found,91.00%,3.00%,94.00%,2/16,CO,$225.00,$250.00,$275.00,Butterfly Milkweed,,50.00,,0.00,,,,Blue Flag Iris (Iris virginica shrevei)
Buttonbush,,CEPOCC01-14PA,74.70%,VNS,99.60%,0.13%,3.27%,0.00%,None Found,75.00%,0.00%,75.00%,2/16,PA,$70.00,$80.00,$90.00,Buttonbush,,0.00,,1.00,,,,Blue Flax (Linum perenne)
Canada Anemone,,12AP1036M,90.91%,VNS,95.69%,0.01%,4.29%,0.01%,None Found,95.00%,,95.00%,4/13,IA,$500.00,$500.00,$500.00,Canada Anemone (IA),,0.70,,0.00,,,,Blue Lobelia (Lobelia siphilitica)
Canada Goldenrod,,SOLCAN196B,61.68%,VNS,67.04%,0.00%,32.96%,0.00%,None Found,92.00%,0.00%,92.00%,4/16,IA,$500.00,$550.00,$600.00,Canada Goldenrod,,,,1.00,,,,Blue Vervain (Verbena hastata)
Canada Milkvetch,,D1602,96.53%,MN Native,99.52%,0.47%,0.01%,0.00%,None Found,97.00%,0.00%,97.00%,2/16,MN,$40.00,$40.00,$40.00,Canada Milkvetch,,0.00,,1.00,,,,Boneset (Eupatorium perfoliatum)
Canada Tick Trefoil,,14A3364K,99.23%,VNS,99.73%,0.27%,0.00%,0.00%,None Found,98.50%,1.00%,99.50%,10/15,IA,$300.00,$325.00,$350.00,Canada Tick Trefoil,,,,1.00,,,,Breadroot Scurfpea (Pediomelum esculentum)
Cardinal Flower,,LOBCAR786A,87.93%,VNS,92.56%,0.00%,7.44%,0.00%,None Found,12.00%,83.00%,95.00%,12/15,IN,"$1,000.00","$1,200.00","$1,400.00",Cardinal Flower,,,,1.00,,,,
Chicory,,L190-12-340,96.60%,WF100,99.59%,0.00%,0.41%,0.00%,None Found,97.00%,0.00%,97.00%,4/16,OR,$9.00,$10.00,$11.00,Chicory,,0.00,,1.00,,,,Broadleaf Beardtongue
Cicer Milkvetch,,14070,77.98%,Lutana,99.98%,0.00%,0.02%,0.00%,None Found,33.00%,45.00%,78.00%,1/16,MT,$4.50,$5.00,$5.50,Cicer Milkvetch,,50.00,,0.00,,,,
Clasping Coneflower,,HB02095,93.99%,VNS,99.99%,0.00%,0.01%,0.00%,None Found,94.00%,0.00%,94.00%,4/16,CO,$24.00,$26.00,$28.00,Clasping Coneflower,,,,1.00,,,,Brown-eyed Susan (Rudbeckia trilobata)
Common Evening Primrose,,JB10214-5,91.55%,VNS,99.51%,0.00%,0.40%,0.09%,None Found,91.00%,1.00%,92.00%,7/15,CO,$21.00,$23.00,$26.00,Common Evening Primrose,,,,1.00,,,,Bush Morning Glory (Ipomoea leptophylla)
Common Milkweed,,ASCSYR275B,94.71%,VNS,98.66%,0.00%,1.33%,0.01%,None Found,96.00%,0.00%,96.00%,3/16,MI,$220.00,$240.00,$260.00,Common Milkweed,,,,1.00,,,,Butterfly Milkweed (Asclepias tuberosa)
Compass Plant,,SILLAC736A,33.50%,VNS,46.53%,0.00%,0.00%,0.00%,None Found,4.00%,68.00%,72.00%,12/15,KS,$240.00,$260.00,$280.00,Compass Plant,,,,1.00,,,,Campor Weed (Heterotheca latifolia)
Cudweed Sagewort,,ARLU12,68.12%,VNS,97.31%,0.20%,2.39%,0.10%,None Found,70.00%,0.00%,70.00%,12/15,CO,$150.00,$150.00,$150.00,Cudweed Sagewort,,,,1.00,,,,Canada Goldenrod (Solidago canadensis)
Culver's Root,,15A2088Z1,85.73%,VNS,93.19%,0.00%,6.81%,0.00%,None Found,21.00%,71.00%,92.00%,2/16,IA,$700.00,$800.00,$900.00,Culver's Root,,1.20,,0.00,,,,Canada Milkvetch (Astragalus canadensis)
Cup Plant,,SILPER01-12PA,77.45%,VNS,88.01%,0.01%,11.98%,0.00%,None Found,88.00%,0.00%,88.00%,1/16,PA,$200.00,$200.00,$200.00,Cup Plant,,,,1.00,,,,Canada or Showy Tick-trefoil (Desmodium canadense)
Cup Plant (IA),,SILPER01-05,92.68%,VNS,98.60%,0.01%,1.38%,0.01%,None Found,44.00%,50.00%,94.00%,5/13,IA,$200.00,$200.00,$200.00,Cup Plant (IA),,5.00,,0.00,,,,Candle Anemone (Anemone cylindrica)
Cutleaf Coneflower,,LC04303-4,92.64%,VNS,99.61%,0.00%,0.39%,0.00%,None Found,93.00%,,93.00%,5/14,CO,$100.00,$100.00,$100.00,Cutleaf Coneflower,,5.00,,0.00,,,,Cardinal Flower (Lobelia cardinalis)
Dames Rocket,,9-095-1,87.91%,VNS,99.90%,0.02%,0.08%,0.00%,None Found,88.00%,,88.00%,12/13,OR,$15.00,$15.00,$15.00,Dames Rocket,,1.00,,0.00,,,,Cicer or Chick-pea Milkvetch (Astragalus cicer)
Dotted Blazingstar,,RG04081,76.37%,VNS,90.92%,0.00%,9.08%,0.00%,None Found,84.00%,0.00%,84.00%,10/14,CO,$200.00,$200.00,$200.00,Dotted Blazingstar,,,,1.00,,,,Clasping Coneflower (Dracopis amplexicaulis)
Dotted Gayfeather,,DG14,25.94%,VNS,34.13%,0.00%,65.87%,0.00%,None Found,24.00%,52.00%,76.00%,4/15,SD,$300.00,$300.00,$300.00,Dotted Gayfeather,,,,1.00,,,,Common Evening Primrose (Oenothera biennis)
Downy Sunflower,,13A1107,96.91%,VNS,97.89%,0.01%,2.09%,0.01%,None Found,99.00%,,99.00%,2/14,IA,$75.00,$75.00,$75.00,Downy Sunflower,,2.00,,0.00,,,,Common Milkweed (Asclepias syriaca)
Dwarf Red Coreopsis,,1055-30,82.77%,VNS,99.72%,0.00%,0.28%,0.00%,None Found,83.00%,,83.00%,12/13,OR,$25.00,$25.00,$25.00,Dwarf Red Coreopsis,,0.00,,1.00,,,,Compass Plant (Silphium laciniatum)
Englemans Daisy,,ED9-387,70.92%,VNS,98.50%,0.25%,1.00%,0.25%,None Found,72.00%,,72.00%,12/13,TX,,,,Englemans Daisy,,0.00,,1.00,,,,Creamy false indigo (Baptisa bracteata)
False Boneset,,14A3098A,88.51%,VNS,99.45%,0.00%,0.55%,0.00%,None Found,8.00%,81.00%,89.00%,10/15,IA,$300.00,$325.00,$350.00,False Boneset,,2.50,,0.00,,,,Crimson Clover (Trifollurn incarnetum)
False Dragonhead,,1145A6758,91.27%,VNS,96.07%,0.02%,3.93%,0.00%,None Found,37.00%,58.00%,95.00%,12/13,IA,,,,False Dragonhead,,0.00,,1.00,,,,Cudweed Sagewort (Artemisia ludoviciana)
False Indigo,,HF214OR,96.96%,VNS,99.96%,0.00%,0.04%,0.00%,None Found,97.00%,0.00%,97.00%,2/14,MO,$150.00,$150.00,$150.00,False Indigo,,0.00,,1.00,,,,Culvers Root (Veronicastrum virginicum)
False Sunflower,,13A5482Z1,97.94%,VNS,99.94%,0.01%,0.04%,0.01%,None Found,98.00%,0.00%,98.00%,11/14,IA,$35.00,$35.00,$35.00,False Sunflower,,42.00,,0.00,,,,Cup Plant (Silphium perfoliatum)
Flowering Spurge,,08A5066,56.16%,VNS,98.52%,0.01%,1.46%,0.01%,None Found,57.00%,,57.00%,11/13,IA,,,,Flowering Spurge,,3.00,,0.00,,,,Curly Cup Gumweed (Grindelia squarrosa)
Fourpoint Evening Primrose,,BC26K,64.97%,VNS,99.95%,0.00%,0.05%,0.00%,None Found,65.00%,0.00%,65.00%,12/15,WI,$400.00,$400.00,$400.00,Four-point Evening Primrose,,0.00,,1.00,,,,Cutleaf Coneflower (Rudbeckia laciniata)
Foxglove Beardtongue,,PDIGSC015,86.26%,VNS,90.80%,0.45%,8.74%,0.01%,None Found,2.00%,93.00%,95.00%,11/15,MO,$150.00,$175.00,$200.00,Foxglove Beardtongue,,,,1.00,,,,Cutleaf Ironplant (Machaeranthera pinnatifida)
Fringed Sagewort,,011-5347,67.69%,VNS,96.70%,0.00%,3.30%,0.00%,None Found,70.00%,0.00%,70.00%,12/15,WY,$80.00,$90.00,$100.00,Fringed Sagewort,,8.00,,0.00,,,,Deer Vetch (Lotus unifoliolatus)
Gayfeather,,TA04115-5,84.32%,VNS,99.20%,0.00%,0.80%,0.00%,None Found,85.00%,0.00%,85.00%,1/16,CO,$70.00,$80.00,$90.00,Gayfeather ,,,,1.00,,,,Dotted Bee Balm (Monarda punctata)
Golden Alexander,,15A6077Z1,92.87%,VNS,99.86%,0.00%,0.12%,0.02%,None Found,5.00%,88.00%,93.00%,9/15,IA,$220.00,$240.00,$260.00,Golden Alexanders,,,,1.00,,,,Dotted Gayfeather (Liatris punctata)
Grayhead Coneflower,,14AR4755K,97.86%,VNS,99.86%,0.01%,0.12%,0.01%,None Found,98.00%,0.00%,98.00%,10/15,IA,$35.00,$35.00,$35.00,Grayhead Coneflower,,,,1.00,,,,Entire-leaved Rosinweed  (Silphium integrifolium)
Great Blue Lobelia,,14A2052Z1,87.32%,VNS,93.89%,0.00%,6.11%,0.00%,None Found,21.00%,72.00%,93.00%,4/15,IA,$300.00,$300.00,$300.00,Great Blue Lobelia,,,,1.00,,,,False or Oxeye Sunflower (Heliopsis helianthoides)
Hoary Verbana,,13A8063A,93.40%,VNS,99.36%,0.01%,0.61%,0.02%,None Found,44.00%,50.00%,94.00%,2/14,NE,$40.00,$40.00,$40.00,Hoary Verbana,,0.00,,1.00,,,,False-boneset (Brickellia eupatorioides)
Hoary Vervain,,VERSTR575A,95.72%,VNS,99.71%,0.00%,0.25%,0.04%,None Found,3.00%,93.00%,96.00%,11/15,ND,$125.00,$150.00,$175.00,Hoary Vervain,,6.00,,0.00,,,,Field Snake Cotton (Froelichia floridana)
Illinois Bundleflower,,S-1894,93.92%,VNS,99.92%,0.00%,0.07%,0.01%,None Found,94.00%,0.00%,94.00%,3/16,KS,$25.00,$25.00,$25.00,Illinois Bundleflower,,,,1.00,,,,Fourpoint Evening Primrose (Oenothera rhombipetala)
Indian Blanket,,ZG08275,87.74%,VNS,99.71%,0.00%,0.29%,0.00%,None Found,88.00%,0.00%,88.00%,9/15,CO,$25.00,$28.00,$30.00,Indian Blanket,,,,1.00,,,,Fourwing saltbush (Atriplex canescens)
Ironweed,,15A578M,89.98%,VNS,94.72%,0.64%,4.64%,0.00%,None Found,15.00%,80.00%,95.00%,2/16,IA,$350.00,$400.00,$450.00,Ironweed,,,,1.00,,,,Foxtail Prairie Clover (Dalea leporina)
Joe Pye Weed,,14.A.9024,73.68%,VNS,88.77%,0.00%,11.22%,0.01%,None Found,41.00%,42.00%,83.00%,10/15,IA,$250.00,$250.00,$250.00,Joe Pye Weed,,4.00,,0.00,,,,Fringed Sagewort (Artemisia frigida)
Lance Leaved Coreopsis,,ZG10103,91.14%,VNS,99.07%,0.00%,0.93%,0.00%,None Found,92.00%,0.00%,92.00%,11/15,CO,$25.00,$25.00,$25.00,Lance-Leaved Coreopsis ,,,,1.00,,,,Golden Alexander (Zizia aurea)
Late Goldenrod,,LB11772Q,62.97%,VNS,99.95%,0.00%,0.05%,0.00%,None Found,63.00%,0.00%,63.00%,12/14,WI,$250.00,$250.00,$250.00,Late Goldenrod,,0.00,,1.00,,,,Goldentop (Euthamia gymnospermoides)
Leadplant,,LP15,88.08%,VNS,94.71%,0.00%,5.27%,0.02%,None Found,93.00%,0.00%,93.00%,3/16,SD,$90.00,$90.00,$90.00,Leadplant,,,,1.00,,,,Grass Leaved Goldenrod (Euthamia graminifolia)
Lemon Mint,,UH09335-3,86.94%,VNS,98.80%,0.00%,1.19%,0.01%,None Found,88.00%,0.00%,88.00%,10/15,CO,$30.00,$30.00,$30.00,Lemon Mint,,,,1.00,,,,Grayhead Coneflower (Ratibida pinnata)
Maximillian Sunflower,,S-1866,87.92%,VNS,99.91%,0.01%,0.07%,0.01%,None Found,43.00%,45.00%,88.00%,2/16,OK,$35.00,$40.00,$45.00,Maximillian Sunflower,,,,1.00,,,,Great Blue Lobelia (Lobelia siphilitica)
Mexican Red Hat,,J16-12-VR27,93.36%,VNS,97.25%,0.00%,2.74%,0.01%,None Found,96.00%,0.00%,96.00%,11/15,CO,$30.00,$30.00,$30.00,Mexican Red Hat,,,,1.00,,,,Groundplum Milkvetch (Astragalus crassicarpus)
Missouri Primrose,,1145-53,91.27%,VNS,96.07%,0.02%,3.93%,0.00%,None Found,37.00%,58.00%,95.00%,12/13,MO,$70.00,$70.00,$70.00,Missouri Primrose,,0.00,,1.00,,,,Hairy (Winter) Vetch (Vicia villosa)
Monkeyflower,,MIMRIN776A,91.95%,VNS,96.79%,0.00%,3.21%,0.00%,None Found,95.00%,0.00%,95.00%,2/16,IA,$400.00,$500.00,$600.00,Monkeyflower,,,,1.00,,,,Hairy 4 O'Clock (Mirabilis hirsuta)
New England Aster,,ASNO13,89.39%,VNS,99.32%,0.00%,0.65%,0.03%,None Found,90.00%,0.00%,90.00%,11/15,CO,$250.00,$250.00,$250.00,New England Aster,,,,1.00,,,,Hairy Golden Aster (Heterotheca villosa)
New Jersey Tea,,14A2070U,97.95%,VNS,99.95%,0.00%,0.05%,0.00%,None Found,7.00%,91.00%,98.00%,9/15,IA,$400.00,$450.00,$500.00,New Jersey Tea,,2.50,,0.00,,,,Heath Aster or White Heath Aster (Symphyotrichum ericoides = Aster ericoides)
Nodding Bur Marigold,,BIDCER145A,82.67%,VNS,83.51%,1.54%,14.95%,0.00%,None Found,99.00%,0.00%,99.00%,12/15,MN,$250.00,$300.00,$350.00,Nodding Bur Marigold,,,,1.00,,,,Hoary Vervain (Verbena stricta)
Obedient Plant,,14.A.5028A,94.03%,VNS,98.98%,0.00%,1.02%,0.00%,None Found,35.00%,60.00%,95.00%,11/14,IA,$500.00,$500.00,$500.00,Obedient Plant,,2.00,,0.00,,,,Illinois Bundleflower (Desmanthus illinoensis)
Ohio Spiderwort,,TRAOHI226B,91.72%,VNS,99.70%,0.00%,0.30%,0.00%,None Found,92.00%,0.00%,92.00%,4/16,WI,$375.00,$400.00,$450.00,Ohio Spiderwort,,,,1.00,,,,Illinois Tickclover (Desmodium illinoense)
OxEye Daisy,,TA01561-30,91.71%,VNS,99.68%,0.00%,0.26%,0.06%,None Found,89.00%,3.00%,92.00%,4/13,OR,$30.00,$30.00,$30.00,Ox-Eye Daisy,,0.20,,0.00,,,,Jerusalem Artichoke (Helianthus tuberosus)
OxEye Sunflower,,13A5482Z1,96.44%,VNS,99.94%,0.01%,0.04%,0.01%,None Found,96.50%,0.00%,96.50%,10/15,IA,$35.00,$35.00,$35.00,Ox-Eye Sunflower,,,,1.00,,,,Lacy Phacelia  or Scorpionweed (Phacelia hastata)
Pale Purple Coneflower,,ECHPAL156B,89.73%,VNS,95.46%,0.03%,4.48%,0.03%,None Found,94.00%,0.00%,94.00%,2/16,IA,$350.00,$400.00,$450.00,Pale Purple Coneflower,,4.00,,0.00,,,,Ladino or White Clover (Trifollurn repens)
Perennial Lupine,,OD11254,94.94%,VNS,99.94%,0.00%,0.06%,0.00%,None Found,70.00%,25.00%,95.00%,12/14,CO,$26.00,$26.00,$26.00,Perennial Lupine,,4.00,,0.00,,,,Lanceleaf Coreopsis (Coreopsis lanceolata)
Pinnate Prairie Coneflower,,91611A5055,95.38%,VNS,99.35%,0.00%,0.65%,0.00%,None Found,96.00%,,96.00%,9/13,IA,,,,Pinnate Prairie Coneflower,,0.00,,1.00,,,,Late or Giant Goldenrod (Solidago gigantea)
Pitcher Sage,,S-1923WSR,88.08%,VNS,97.87%,0.54%,1.57%,0.02%,None Found,90.00%,0.00%,90.00%,1/15,OK,$200.00,$200.00,$200.00,Pitcher Sage,,0.00,,1.00,,,,Leadplant (Amorpha canescens)
Plains Coreopsis,,EAP-7711,93.43%,VNS,97.32%,0.01%,2.60%,0.07%,None Found,96.00%,0.00%,96.00%,5/16,OR,$20.00,$20.00,$20.00,Plains Coreopsis,,,,1.00,,,,Lemon Mint or Lemon Bee Balm (Monarda citriodora)
Prairie Aster,,15A5004,88.78%,VNS,98.64%,0.00%,1.36%,0.00%,None Found,90.00%,,90.00%,2/16,IA,$250.00,$275.00,$300.00,Prairie Aster,,0.00,,1.00,,,,Maryland Senna (Senna marilandica)
Prairie Blazingstar,,322411SFBG,76.84%,VNS,98.51%,0.01%,1.48%,0.00%,None Found,78.00%,,78.00%,10/13,TX,$400.00,$400.00,$400.00,Prairie Blazingstar,,0.00,,1.00,,,,Maximillian Sunflower (Helianthus maximiliani)
Prairie Cinquefoil,,15A8027W,93.14%,VNS,96.02%,0.00%,3.57%,0.41%,None Found,9.00%,88.00%,97.00%,9/15,IA,$350.00,$350.00,$350.00,Prairie Cinquefoil,,,,1.00,,,,Mexican Hat (Ratibida peduncularis)
Prairie Coreopsis,,14A5014M,90.20%,VNS,93.96%,0.00%,6.04%,0.00%,None Found,96.00%,0.00%,96.00%,2/16,IA,$300.00,$300.00,$300.00,Prairie Coreopsis (IA),,,,1.00,,,,Missouri Evening Primrose (Oenothera macrocarpa ssp. macrocarpa)
Prairie Spiderwort,,RS3218N,88.31%,VNS,99.22%,0.00%,0.78%,0.00%,None Found,11.00%,78.00%,89.00%,11/15,SD,$500.00,$600.00,$700.00,Prairie Spiderwort,,,,1.00,,,,
Prairie Violet,,12A2019M,97.85%,VNS,99.85%,0.01%,0.13%,0.01%,None Found,1.00%,97.00%,98.00%,2/13,IA,,,,Prairie Violet,,0.00,,1.00,,,,Missouri Goldenrod (Solidago missouriensis)
Prairie Wild Rose,,ROWO-07-UT,67.24%,VNS,98.88%,0.02%,1.10%,0.00%,None Found,68.00%,0.00%,68.00%,10/15,UT,$100.00,$125.00,$150.00,Prairie Wild Rose,,,,1.00,,,,New England Aster (Symphyotrichum novae-angliae = Aster novae-angliae)
Purple Coneflower,,J16-12-VR41,88.16%,VNS,94.80%,0.06%,5.11%,0.03%,None Found,93.00%,0.00%,93.00%,12/15,CO,$25.00,$25.00,$25.00,Purple Coneflower,,,,1.00,,,,New Jersey Tea (Ceanothus americanus)
Purple Poppy Mallow,,TW2929R,71.25%,VNS,95.00%,0.00%,5.00%,0.00%,None Found,25.00%,50.00%,75.00%,4/16,NE,$900.00,"$1,000.00","$1,100.00",Purple Poppy Mallow,,,,1.00,,,,
Purple Prairie Clover,,D-3046,95.95%,VNS,99.95%,0.00%,0.05%,0.00%,None Found,96.00%,0.00%,96.00%,11/15,MN,$30.00,$30.00,$30.00,Purple Prairie Clover,,,,1.00,,,,Obedience Plant (Physostegia virginiana)
Rattlesnake Master,,13AA1068Z1,83.76%,VNS,98.54%,0.21%,1.24%,0.01%,None Found,85.00%,0.00%,85.00%,10/15,IA,$200.00,$225.00,$250.00,Rattlesnake Master,,,,1.00,,,,Ohio Spiderwort (Tradescantia ohiensis)
Rocket Larkspur,,ZP12132,91.92%,VNS,99.91%,0.00%,0.03%,0.06%,None Found,86.00%,6.00%,92.00%,2/13,CO,,,,Rocket Larkspur,,0.00,,1.00,,,,Pale Purple Coneflower (Echinacea pallida)
Rocky Mountain Beeplant,,QT10351-4,79.97%,VNS,99.96%,0.00%,0.03%,0.01%,None Found,80.00%,0.00%,80.00%,12/15,CO,$35.00,$35.00,$35.00,Rocky Mountain Beeplant,,6.00,,0.00,,,,Pink Poppymallow (Callirhoe alcaeoides)
Rosin Weed,,SILINT196A,65.30%,VNS,70.22%,0.00%,29.78%,0.00%,None Found,93.00%,0.00%,93.00%,12/15,IA,$125.00,$140.00,$160.00,Rosin Weed,,,,1.00,,,,Pitcher or Blue Sage (Salvia azurea)
Rosy Red Yarrow,,FB02060-3,94.49%,VNS,97.41%,0.00%,2.43%,16.00%,None Found,96.00%,1.00%,97.00%,3/13,EU,$150.00,$150.00,$150.00,Rosy Red Yarrow,,0.00,,1.00,,,,Plains Bee Balm (Monarda pectinata) 
Rough Gayfeather,,LIAASP466A,96.42%,VNS,99.40%,0.00%,0.60%,0.00%,None Found,97.00%,0.00%,97.00%,12/15,IA,$500.00,$550.00,$600.00,Rough Gayfeather,,0.00,,1.00,,,,Plains Coreopsis (Coreopsis tinctoria)
Roundhead Lespedeza,,12A5082M,96.85%,VNS,99.85%,0.03%,0.11%,0.01%,None Found,97.00%,0.00%,97.00%,3/16,IA,$175.00,$175.00,$175.00,Roundhead Lespedeza,,20.00,,0.00,,,,Plains Sunflower (Helianthus petiolaris)
Sawtooth Sunflower,,14A7025C,92.99%,VNS,98.93%,0.01%,1.06%,0.00%,None Found,82.00%,12.00%,94.00%,6/15,IA,$300.00,$300.00,$300.00,Sawtooth Sunflower,,,,1.00,,,,Plains Wild (False) Indigo(Baptisia bracteata)
Scarlet Flax,,1116-24,84.92%,VNS,99.90%,0.00%,0.10%,0.00%,None Found,85.00%,,85.00%,1/13,OR,,,,Scarlet Flax,,0.00,,1.00,,,,Prairie Cinquefoil (Drymocallis arguta)
Scarlet Globemallow,,11005,63.78%,VNS,91.11%,0.34%,8.21%,0.34%,None Found,70.00%,0.00%,70.00%,8/15,UT,$250.00,$250.00,$250.00,Scarlet Globemallow,,2.50,,0.00,,,,Prairie Coreopsis (Coreopsis palmata)
Sensitive Briar,,W1656,81.84%,VNS,99.81%,0.01%,0.17%,0.01%,None Found,82.00%,0.00%,82.00%,12/15,MO,$100.00,$100.00,$100.00,Sensitive Briar,,5.00,,0.00,,,,Prairie Gentain (Eustoma exaltatum syn: E grandiflorum)
Shell Leaf Penstemon,,SP-14,81.08%,VNS,90.09%,0.00%,9.91%,0.00%,None Found,90.00%,0.00%,90.00%,11/15,NE,$250.00,$250.00,$250.00,Shell Leaf Penstemon,,,,1.00,,,,Prairie Larkspur (Delphinium carolinianum ssp. virescens )
Showy Goldenrod,,12A2115B,84.04%,VNS,95.50%,0.01%,4.48%,0.01%,None Found,25.00%,63.00%,88.00%,3/13,IA,,,,Showy Goldenrod,,0.00,,1.00,,,,Prairie Phlox (Phlox pilosa)
Showy Milkweed,,ASSP-15,84.90%,VNS,99.88%,0.00%,0.12%,0.00%,None Found,71.00%,14.00%,85.00%,2/16,UT,$100.00,$120.00,$140.00,Showy Milkweed,,,,1.00,,,,Prairie Ragwort (Packera plattensis)
Showy Partridge Pea,,14A5882,91.87%,VNS,99.86%,0.00%,0.14%,0.00%,None Found,92.00%,0.00%,92.00%,8/15,IA,$20.00,$20.00,$20.00,Showy Partridge Pea,,,,1.00,,,,Prairie Sainfoin (Onobrychis viciifolia)
Showy Tick Trefoil,,14A3364K,99.23%,VNS,99.73%,0.00%,0.27%,0.00%,None Found,98.50%,1.00%,99.50%,10/15,IA,$300.00,$325.00,$350.00,Showy Tick Trefoil,,3.00,,0.00,,,,Prairie Spiderwort (Tradescantia occidentalis)
Silky Aster,,14A5013A,65.03%,VNS,66.36%,0.00%,35.64%,0.00%,None Found,98.00%,0.00%,98.00%,5/15,IA,$500.00,$500.00,$500.00,Silky Aster,,,,1.00,,,,Prairie Violet (Viola pedatifida)
Silky Prairie Clover,,RS3219N,71.25%,VNS,95.00%,0.00%,5.00%,0.00%,None Found,25.00%,50.00%,75.00%,11/15,SD,"$1,200.00","$1,300.00","$1,400.00",Silky Prairie Clover,,,,1.00,,,,Prickly Poppy (Argemone polyanthemos)
Smooth Blue Aster,,ASLAMN13,86.70%,VNS,99.65%,0.00%,0.35%,0.00%,None Found,87.00%,0.00%,87.00%,12/15,CO,$100.00,$100.00,$100.00,Smooth Blue Aster,,,,1.00,,,,Purple Coneflower (Echinacea purpurea)
Smooth OxEye,,12A3284U,95.87%,VNS,99.86%,0.02%,0.11%,0.01%,None Found,88.00%,8.00%,96.00%,1/13,IA,,,,Smooth Ox-Eye,,,,1.00,,,,Purple Poppymallow (Callirhoe involucrata)
Sneezeweed,,HELAUT026A,85.54%,VNS,90.04%,0.00%,9.84%,0.12%,None Found,3.00%,92.00%,95.00%,4/16,MN,$200.00,$250.00,$300.00,Sneezeweed,,2.00,,0.00,,,,Purple Prairieclover (Dalea purpurea)
Spiked Gayfeather,,TA04115-5,86.30%,VNS,99.20%,0.00%,0.80%,0.00%,None Found,87.00%,0.00%,87.00%,3/16,CO,$70.00,$80.00,$90.00,Spiked Gayfeather,,,,1.00,,,,"Ragweed, Common (Ambrosia artemisiifolia)"
Stiff Goldenrod,,12A1662R,50.42%,VNS,98.86%,0.43%,0.70%,0.01%,None Found,51.00%,0.00%,51.00%,7/15,IA,$160.00,$160.00,$160.00,Stiff Goldenrod,,,,1.00,,,,"Ragweed, Western (Ambrosia psilostachya)"
Stiff Sunflower,,14A3114K,93.18%,VNS,99.13%,0.01%,0.83%,0.00%,None Found,12.00%,82.00%,94.00%,10/15,IA,$500.00,$500.00,$500.00,Stiff Sunflower/Prairie Sunflower,,,,1.00,,,,Rattlesnake Master (Eryngium yuccifolium)
Swamp Milkweed,,ASCINC01-15PA,88.48%,VNS,97.23%,0.00%,2.77%,0.00%,None Found,13.00%,78.00%,91.00%,10/15,PA,$300.00,$350.00,$400.00,Swamp Milkweed,,,,1.00,,,,Rayless Greenthread (Thelesperma megapotamicum)
Tall Boneset,,15A3053A,78.59%,VNS,82.73%,0.00%,17.27%,0.00%,None Found,32.00%,63.00%,95.00%,12/15,IA,$450.00,$500.00,$550.00,Tall Boneset,,3.50,,0.00,,,,Red Clover (Trifollurn pratense)
Thickspike Gayfeather,,TG-14,91.15%,VNS,99.08%,0.00%,0.92%,0.00%,None Found,92.00%,0.00%,92.00%,10/15,NE,$150.00,$150.00,$150.00,Thickspike Gayfeather (IA),,,,1.00,,,,Rocky Mountain Bee Plant (Cleome serrulata)
Upright Prairie Coneflower,,J16-13-VR282,91.66%,VNS,95.48%,0.01%,4.43%,0.08%,None Found,96.00%,0.00%,96.00%,11/15,OR,$25.00,$25.00,$25.00,Upright Prairie Coneflower,,,,1.00,,,,Rough Blazing Star or Gayfeather (Liatris aspera)
Upright Prairie Coneflower (2),,J16-11-VR28SWA,75.77%,VNS,95.91%,0.00%,4.09%,0.00%,None Found,79.00%,,79.00%,10/14,OR,$25.00,$25.00,$25.00,Upright Prairie Coneflower,,80.00,,0.00,,,,Rough Purple Gerardia (Agalinis aspera)
Virginia Mountain Mint,,PYCVIR226A,88.85%,VNS,96.58%,0.01%,3.41%,0.00%,None Found,12.00%,80.00%,92.00%,2/16,WI,$600.00,$700.00,$800.00,Virginia Mountain Mint,,3.70,,0.00,,,,Roundhead Lespedeza (Lespedeza capitata)
Western Ironweed,,10A6078,66.53%,VNS,81.13%,0.04%,18.67%,0.16%,None Found,82.00%,,82.00%,10/13,IA,,,,Western Ironweed,,0.50,,0.00,,,,Sainfoin (Onobrychis vicciifolia)
Western Yarrow,,ACHMIL156A,88.26%,VNS,92.90%,0.00%,6.90%,0.20%,None Found,95.00%,0.00%,95.00%,2/16,OR,$100.00,$120.00,$140.00,Western Yarrow,,,,1.00,,,,Sand Milkweed (Asclepias arenaria)
White Aster,,15A5004,88.78%,VNS,98.64%,0.00%,1.36%,0.00%,None Found,90.00%,0.00%,90.00%,2/16,IA,$250.00,$275.00,$300.00,White Aster,,5.60,,0.00,,,,Sawtooth Sunflower (Helianthus grosseserratus)
White False Indigo,,14A2159Z1,93.45%,VNS,99.41%,0.00%,0.58%,0.01%,None Found,94.00%,0.00%,94.00%,8/15,IA,$200.00,$225.00,$250.00,White False Indigo,,0.00,,1.00,,,,Scaly Blazingstar or Gayfeather (Liatris squarrosa)
White Heath Aster,,15A4068Z1,88.78%,VNS,98.64%,0.00%,1.36%,0.00%,None Found,90.00%,0.00%,90.00%,2/16,IA,$150.00,$150.00,$150.00,White Heath Aster,, ,,0.00,,,,Scarlet Globemallow (Sphaeralcea coccinea)
White Prairie Clover,,D3031,95.95%,MN Native,99.95%,0.00%,0.05%,0.00%,None Found,96.00%,0.00%,96.00%,11/15,MN,$40.00,$40.00,$40.00,White Prairie Clover,,,,1.00,,,,Scurfpea Mixture - non-USDA plantings mixtures
White Wild Indigo,,14A2159Z1,93.45%,VNS,99.41%,0.00%,0.58%,0.01%,None Found,94.00%,0.00%,94.00%,8/15,IA,$200.00,$225.00,$250.00,White Wild Indigo,,6.90,,0.00,,,,Seed Box (Ludwigia alternifolia)
White Yarrow,,5JE831-30R,85.97%,VNS,95.52%,0.02%,4.34%,0.12%,None Found,90.00%,0.00%,90.00%,8/16,ID,$40.00,$45.00,$50.00,Western Yarrow,,5.00,,0.00,,,,Sensitive Briar (Mimosa nuttallii)
Wild Bergamot,,MONFIS676A,96.52%,VNS,99.51%,0.00%,0.48%,0.01%,None Found,97.00%,0.00%,97.00%,3/16,IA,$220.00,$250.00,$275.00,Wild Bergamot,,,,1.00,,,,Shell-leaf Penstemon (Penstemon grandiflorus)
Wild Garlic,,14.A.1082M,95.94%,VNS,99.94%,0.00%,0.06%,0.00%,None Found,5.00%,91.00%,96.00%,8/14,IA,$100.00,$100.00,$100.00,Wild Garlic,,0.00,,1.00,,,,Showy Partridgepea (Chamaecrista fasciculata)
Wild Rose,,WR-09,75.05%,VNS,96.22%,0.06%,3.58%,0.14%,None Found,78.00%,,78.00%,12/14,NE,$50.00,$50.00,$50.00,Wild Rose,,0.00,,1.00,,,,Showy-wand goldenrod (Solidago speciosa)
Wild Senna,,DC235K,71.25%,VNS,95.00%,0.00%,5.00%,0.00%,None Found,25.00%,50.00%,75.00%,2/14,IL,$150.00,$150.00,$150.00,Wild Senna,,0.00,,1.00,,,,Silky Aster (Symphyotrichum sericeum = Aster sericeus)
Yarrow,,OD06235-1,87.75%,VNS,97.50%,0.06%,2.40%,0.04%,None Found,90.00%,0.00%,90.00%,7/15,CO,$40.00,$45.00,$50.00,Yarrow,,0.00,,1.00,,,,Silky Prairieclover (Dalea villosa)
KneeHi Wildflower Mix,,KHMX0116,85.32%,VNS,99.21%,0.00%,0.78%,0.01%,None Found,82.00%,4.00%,86.00%,2/16,CO,$20.00,$24.00,$28.00,Knee-Hi Wildflower Mix,,50.00,,0.00,,,,Slender Beardstongue (Penstemon gracilis)
Midwest Wildflower Mix,,MWMX0216,87.05%,VNS,98.92%,0.00%,1.07%,0.01%,None Found,85.00%,3.00%,88.00%,2/16,CO,$22.00,$26.00,$30.00,Midwest Wildflower Mix,,50.00,,0.00,,,,Slender Gerardia (Agalinis tenuifolia)
Native Wildflower Pollinator Mix,,MSC-NWP16,86.30%,VNS,98.07%,0.12%,1.79%,0.01%,None Found,88.00%,0.00%,88.00%,12/15,NE,$38.00,$42.00,$48.00,Native Wildflower Pollinator Mix,,,,1.00,,,,Slimleaf (Narrowleaf) Scurfpea (Pediomelium linearifolium)
,,,,,,,,,,,,,,,,,,,,,,,,,,Small Burnet (Sanguisorba minor)
,,,,,,,,,,,,,,,,,,,,,,,,,,"Smartweed, Dotted (Polygonum punctatum)"
,,,,,,,,,,,,,,,,,,,,,,,,,,Smooth Blue Aster (Symphyotrichum laeve var. laeve= Aster laevis)
,,,,,,,,,,,,,,,,,,,,,,,,,,Smooth Milkweed (Asclepias sullivantii)
,,,,,,,,,,,,,,,,,,,,,,,,,,Sneezeweed (Helenium autumnale)
,,,,,,,,,,,,,,,,,,,,,,,,,,Soft Goldenrod (Solidago mollis)
,,,,,,,,,,,,,,,,,,,,,,,,,,Spotted Joe-pye-weed (Eupatorium maculatum)
,,,,,,,,,,,,,,,,,,,,,,,,,,Stiff Goldenrod (Solidago rigida)
,,,,,,,,,,,,,,,,,,,,,,,,,,Stiff Sunflower (Helianthus pauciflorus)
,,,,,,,,,,,,,,,,,,,,,,,,,,Strawberry Clover (Trifolium fragiferum)
,,,,,,,,,,,,,,,,,,,,,,,,,,Swamp or Rose Milkweed (Asclepias incarnata)
,,,,,,,,,,,,,,,,,,,,,,,,,,Sweet Blackeyed Susan (Rudbeckia subtomentosa)
,,,,,,,,,,,,,,,,,,,,,,,,,,Sweet Flag (Acorus calamus)
,,,,,,,,,,,,,,,,,,,,,,,,,,Sweetclover (White) (Melilotus officinalis)
,,,,,,,,,,,,,,,,,,,,,,,,,,Sweetclover (yellow) (Melilotus officinalis)
,,,,,,,,,,,,,,,,,,,,,,,,,,Tall Boneset (Eupatorium altissimum)
,,,,,,,,,,,,,,,,,,,,,,,,,,Tall Cinquefoil  (Drymocallis arguta)
,,,,,,,,,,,,,,,,,,,,,,,,,,Tall Coreopsis (Coreopsis tripteris)
,,,,,,,,,,,,,,,,,,,,,,,,,,Tall Swamp Marigold (Bidens connata)
,,,,,,,,,,,,,,,,,,,,,,,,,,Tall Thistle (Cirsium altissimum)
,,,,,,,,,,,,,,,,,,,,,,,,,,Thickspike Gayfeather (Liatris pycnostachya)
,,,,,,,,,,,,,,,,,,,,,,,,,,Upright Coneflower (Ratibida columnifera)
,,,,,,,,,,,,,,,,,,,,,,,,,,Velvety Gaura (Gaura parviflora)
,,,,,,,,,,,,,,,,,,,,,,,,,,Virginia Mountian Mint (Pycnanthemum virginianum)
,,,,,,,,,,,,,,,,,,,,,,,,,,Western Heath Aster (Symphyotrichum falcatum var falcatum = Aster falcatus)
,,,,,,,,,,,,,,,,,,,,,,,,,,Western Ironweed (Vernonia fasciculata)
,,,,,,,,,,,,,,,,,,,,,,,,,,Western Salsify (Tragopogon dubius)
,,,,,,,,,,,,,,,,,,,,,,,,,,Western Wallflower (Erysimum asperum)
,,,,,,,,,,,,,,,,,,,,,,,,,,Western Wild Rose (Rosa woodsii)
,,,,,,,,,,,,,,,,,,,,,,,,,,Western Yarrow (Achillea millefolium)
,,,,,,,,,,,,,,,,,,,,,,,,,,White Dutch Clover (Trifolium repens)
,,,,,,,,,,,,,,,,,,,,,,,,,,White or Rocket Larkspur (Delphinium carolinianum ssp. virescens )
,,,,,,,,,,,,,,,,,,,,,,,,,,White Prairie Aster (Symphyotrichum falcatum var. commutatum)
,,,,,,,,,,,,,,,,,,,,,,,,,,White Prairieclover (Dalea candida)
,,,,,,,,,,,,,,,,,,,,,,,,,,White Sage (Cudweed Sagewort) (Artemisia ludoviciana)
,,,,,,,,,,,,,,,,,,,,,,,,,,White Vervain (Verbena urticifolia)
,,,,,,,,,,,,,,,,,,,,,,,,,,White Wild Indigo (Baptisia alba var. macrophylla)
,,,,,,,,,,,,,,,,,,,,,,,,,,Whorled Milkweed (Asclepias verticillata)
,,,,,,,,,,,,,,,,,,,,,,,,,,Wild 4 O'Clock (Mirabillis nyctaginea)
,,,,,,,,,,,,,,,,,,,,,,,,,,Wild Alfalfa (Slimflower scurfpea) (Psoralidium tenuiflorum)
,,,,,,,,,,,,,,,,,,,,,,,,,,Wild Bergamot (Monarda fistulosa)
,,,,,,,,,,,,,,,,,,,,,,,,,,Wild Garlic (Allium canadense)
,,,,,,,,,,,,,,,,,,,,,,,,,,Wild Onion (Allium cernuum)
,,,,,,,,,,,,,,,,,,,,,,,,,,Wild Senna (Cassia hebecarpa)
,,,,,,,,,,,,,,,,,,,,,,,,,,Willowleaf Aster (Aster praeltus)
,,,,,,,,,,,,,,,,,,,,,,,,,,"Winterfat (Krascheninnikovia lanata, Eurotia lanata, Ceratoides lanata)"
,,,,,,,,,,,,,,,,,,,,,,,,,,Woolly Plantain (Plantago patagonica)
,,,,,,,,,,,,,,,,,,,,,,,,,,Yucca (Yucca glauca) 